{"cameraMode":{"drawMode":0,"name":"Shaded","section":"Shading Mode"},"sceneLighting":true,"audioPlay":false,"sceneViewState":{"showFog":true,"showMaterialUpdate":false,"showSkybox":true,"showFlares":true,"showImageEffects":true,"showParticleSystems":true},"in2DMode":false,"pivot":{"x":5.89309549331665,"y":8.641560554504395,"z":6.774369239807129},"rotation":{"x":0.03785254806280136,"y":-0.8412569165229797,"z":0.05940711498260498,"w":0.5360268950462341},"size":7.3232421875,"orthographic":false}